Tipus;Jelentes;Datum
Tuipusa;jelentes;Fri Jan 16 2026 15:29:39 GMT+0100 (Central European Standard Time)
cfgvkhbléá;hgkvhj;Fri Jan 16 2026 15:29:54 GMT+0100 (Central European Standard Time)
raaaaaaaaa;haha;Fri Jan 16 2026 15:43:10 GMT+0100 (Central European Standard Time)
fghgfh;zjfkfdkfzukfzu;Fri Jan 16 2026 15:48:47 GMT+0100 (Central European Standard Time)
bioé;jioél;Fri Jan 16 2026 15:52:26 GMT+0100 (Central European Standard Time)
bgi;kj;Fri Jan 16 2026 15:53:18 GMT+0100 (Central European Standard Time)
das;das;Fri Jan 16 2026 15:57:24 GMT+0100 (Central European Standard Time)
ln;km;Fri Jan 16 2026 15:57:44 GMT+0100 (Central European Standard Time)
njon;pijhn;Fri Jan 16 2026 15:58:09 GMT+0100 (Central European Standard Time)
tipusTeszt;jelentesTeszt;Fri Jan 16 2026 15:59:10 GMT+0100 (Central European Standard Time)